,date,labels,Hate,Not_Hate,RatioofHate,RatioofNotHate
0,2020-10-05,"['Not Hate', 'Not Hate', 'Not Hate', 'Not Hate', 'Not Hate', 'Not Hate', 'Not Hate', 'Not Hate', 'Not Hate', 'Not Hate', 'Not Hate', 'Not Hate', 'Not Hate', 'Not Hate', 'Not Hate', 'Not Hate', 'Not Hate', 'Not Hate', 'Not Hate', 'Not Hate', 'Not Hate', 'Not Hate', 'Not Hate', 'Not Hate']",0,24,0.0,1.0
1,2020-10-06,"['Not Hate', 'Not Hate', 'Not Hate', 'Not Hate', 'Not Hate', 'Not Hate', 'Not Hate', 'Not Hate', 'Not Hate', 'Not Hate', 'Not Hate', 'Not Hate', 'Not Hate', 'Not Hate', 'Not Hate', 'Not Hate', 'Not Hate', 'Not Hate', 'Not Hate', 'Not Hate', 'Not Hate', 'Not Hate', 'Not Hate', 'Not Hate', 'Not Hate', 'Not Hate', 'Not Hate', 'Not Hate', 'Not Hate', 'Not Hate', 'Not Hate', 'Not Hate', 'Not Hate', 'Not Hate', 'Not Hate', 'Not Hate', 'Not Hate', 'Not Hate', 'Not Hate', 'Not Hate', 'Not Hate', 'Not Hate', 'Not Hate', 'Not Hate', 'Not Hate', 'Not Hate', 'Not Hate', 'Not Hate', 'Not Hate']",0,49,0.0,1.0
2,2020-10-07,"['Not Hate', 'Not Hate', 'Not Hate', 'Not Hate', 'Not Hate', 'Hate', 'Not Hate', 'Not Hate', 'Not Hate', 'Not Hate', 'Not Hate', 'Not Hate', 'Not Hate', 'Not Hate', 'Not Hate', 'Not Hate', 'Not Hate', 'Not Hate', 'Not Hate', 'Not Hate', 'Not Hate', 'Not Hate', 'Not Hate', 'Not Hate', 'Not Hate', 'Not Hate', 'Not Hate', 'Not Hate', 'Not Hate', 'Not Hate', 'Not Hate', 'Not Hate', 'Not Hate', 'Not Hate', 'Not Hate', 'Not Hate', 'Not Hate', 'Not Hate', 'Not Hate', 'Not Hate', 'Not Hate', 'Not Hate', 'Not Hate', 'Not Hate']",1,43,0.022727272727272728,0.9772727272727273
3,2020-10-08,"['Not Hate', 'Not Hate', 'Not Hate', 'Not Hate', 'Not Hate', 'Not Hate', 'Not Hate', 'Not Hate', 'Not Hate', 'Not Hate', 'Not Hate', 'Not Hate', 'Not Hate', 'Not Hate', 'Not Hate', 'Hate', 'Not Hate', 'Not Hate', 'Not Hate', 'Not Hate', 'Not Hate', 'Not Hate', 'Not Hate', 'Not Hate', 'Not Hate', 'Not Hate', 'Not Hate', 'Not Hate', 'Not Hate', 'Not Hate', 'Not Hate', 'Not Hate', 'Not Hate', 'Not Hate', 'Not Hate', 'Hate']",2,34,0.05555555555555555,0.9444444444444444
4,2020-10-09,"['Not Hate', 'Not Hate', 'Not Hate', 'Not Hate', 'Not Hate', 'Not Hate', 'Not Hate', 'Not Hate', 'Not Hate', 'Not Hate', 'Not Hate', 'Not Hate', 'Not Hate', 'Not Hate', 'Not Hate', 'Not Hate', 'Not Hate', 'Not Hate', 'Not Hate', 'Not Hate', 'Not Hate', 'Not Hate']",0,22,0.0,1.0
5,2020-10-10,['Not Hate'],0,1,0.0,1.0
6,2020-10-11,"['Not Hate', 'Not Hate']",0,2,0.0,1.0
7,2020-10-12,"['Not Hate', 'Not Hate', 'Not Hate', 'Not Hate', 'Not Hate', 'Not Hate', 'Not Hate', 'Not Hate', 'Not Hate', 'Not Hate', 'Not Hate', 'Not Hate', 'Not Hate', 'Not Hate', 'Not Hate', 'Not Hate', 'Not Hate', 'Not Hate', 'Not Hate', 'Not Hate', 'Not Hate', 'Not Hate', 'Not Hate', 'Not Hate', 'Not Hate', 'Not Hate', 'Not Hate', 'Not Hate']",0,28,0.0,1.0
8,2020-10-13,"['Not Hate', 'Not Hate', 'Not Hate', 'Not Hate', 'Not Hate', 'Not Hate', 'Not Hate', 'Not Hate', 'Not Hate', 'Not Hate', 'Not Hate', 'Not Hate', 'Not Hate', 'Not Hate', 'Not Hate', 'Not Hate', 'Not Hate', 'Not Hate', 'Not Hate', 'Not Hate', 'Not Hate', 'Not Hate', 'Not Hate', 'Not Hate', 'Not Hate', 'Not Hate', 'Not Hate', 'Not Hate', 'Not Hate', 'Not Hate', 'Hate', 'Not Hate', 'Not Hate', 'Not Hate', 'Not Hate', 'Not Hate', 'Not Hate', 'Not Hate', 'Not Hate', 'Not Hate', 'Not Hate', 'Not Hate']",1,41,0.023809523809523808,0.9761904761904762
9,2020-10-14,"['Not Hate', 'Not Hate', 'Not Hate', 'Not Hate', 'Not Hate', 'Not Hate', 'Not Hate', 'Not Hate', 'Not Hate', 'Not Hate', 'Not Hate', 'Not Hate', 'Not Hate', 'Not Hate', 'Not Hate', 'Not Hate', 'Not Hate', 'Not Hate', 'Not Hate', 'Not Hate', 'Not Hate', 'Not Hate', 'Not Hate', 'Not Hate', 'Not Hate', 'Not Hate', 'Not Hate', 'Not Hate', 'Not Hate', 'Not Hate', 'Not Hate', 'Not Hate', 'Not Hate', 'Not Hate', 'Not Hate', 'Not Hate', 'Not Hate']",0,37,0.0,1.0
10,2020-10-15,"['Not Hate', 'Hate', 'Not Hate', 'Not Hate', 'Not Hate', 'Not Hate', 'Hate', 'Not Hate', 'Not Hate', 'Not Hate', 'Not Hate', 'Not Hate', 'Not Hate', 'Not Hate', 'Not Hate', 'Not Hate', 'Not Hate', 'Not Hate', 'Not Hate', 'Not Hate', 'Not Hate', 'Not Hate', 'Not Hate', 'Not Hate', 'Not Hate', 'Not Hate', 'Not Hate', 'Not Hate', 'Not Hate', 'Not Hate', 'Not Hate', 'Not Hate', 'Not Hate', 'Not Hate', 'Not Hate']",2,33,0.05714285714285714,0.9428571428571428
11,2020-10-16,"['Not Hate', 'Not Hate', 'Not Hate', 'Not Hate', 'Not Hate', 'Not Hate', 'Hate', 'Not Hate', 'Not Hate', 'Not Hate', 'Not Hate', 'Not Hate', 'Not Hate', 'Not Hate', 'Not Hate', 'Not Hate', 'Not Hate', 'Not Hate', 'Not Hate', 'Not Hate', 'Not Hate', 'Not Hate', 'Not Hate', 'Not Hate', 'Not Hate', 'Not Hate', 'Not Hate', 'Not Hate', 'Not Hate', 'Not Hate', 'Not Hate', 'Not Hate', 'Not Hate', 'Hate', 'Not Hate', 'Not Hate', 'Not Hate', 'Not Hate', 'Not Hate', 'Not Hate', 'Not Hate', 'Not Hate', 'Not Hate', 'Not Hate', 'Not Hate', 'Not Hate']",2,44,0.043478260869565216,0.9565217391304348
12,2020-10-17,"['Not Hate', 'Not Hate', 'Not Hate', 'Not Hate', 'Not Hate']",0,5,0.0,1.0
13,2020-10-18,"['Not Hate', 'Not Hate', 'Not Hate', 'Not Hate', 'Not Hate', 'Not Hate']",0,6,0.0,1.0
14,2020-10-19,"['Not Hate', 'Hate', 'Hate', 'Not Hate', 'Not Hate', 'Not Hate', 'Not Hate', 'Not Hate', 'Not Hate', 'Not Hate', 'Not Hate', 'Not Hate', 'Not Hate', 'Not Hate', 'Not Hate', 'Not Hate', 'Not Hate', 'Not Hate', 'Not Hate', 'Not Hate', 'Not Hate', 'Not Hate', 'Not Hate', 'Hate', 'Not Hate', 'Not Hate', 'Not Hate', 'Not Hate', 'Not Hate', 'Not Hate', 'Not Hate']",3,28,0.0967741935483871,0.9032258064516129
15,2020-10-20,"['Not Hate', 'Not Hate', 'Not Hate', 'Not Hate', 'Not Hate', 'Not Hate', 'Not Hate', 'Not Hate', 'Not Hate', 'Not Hate', 'Not Hate', 'Not Hate', 'Not Hate', 'Not Hate', 'Not Hate', 'Not Hate', 'Not Hate', 'Not Hate', 'Not Hate', 'Not Hate', 'Not Hate', 'Not Hate', 'Not Hate', 'Not Hate', 'Not Hate', 'Not Hate', 'Not Hate', 'Not Hate', 'Not Hate', 'Not Hate', 'Not Hate', 'Not Hate', 'Not Hate', 'Not Hate', 'Not Hate', 'Not Hate', 'Not Hate', 'Not Hate', 'Not Hate', 'Not Hate', 'Not Hate', 'Not Hate', 'Not Hate', 'Not Hate', 'Not Hate', 'Not Hate', 'Not Hate', 'Not Hate', 'Not Hate', 'Not Hate', 'Not Hate']",0,51,0.0,1.0
16,2020-10-21,"['Not Hate', 'Not Hate', 'Not Hate', 'Not Hate', 'Not Hate', 'Not Hate', 'Not Hate', 'Not Hate', 'Not Hate', 'Not Hate', 'Not Hate', 'Hate', 'Not Hate', 'Not Hate', 'Not Hate', 'Not Hate', 'Not Hate', 'Not Hate', 'Not Hate', 'Not Hate', 'Not Hate', 'Not Hate', 'Not Hate', 'Not Hate', 'Not Hate', 'Not Hate', 'Not Hate', 'Not Hate', 'Not Hate', 'Not Hate', 'Not Hate', 'Not Hate', 'Hate', 'Not Hate', 'Not Hate', 'Not Hate', 'Not Hate', 'Not Hate', 'Not Hate', 'Not Hate', 'Not Hate', 'Not Hate', 'Not Hate', 'Not Hate', 'Not Hate', 'Not Hate', 'Not Hate', 'Not Hate', 'Not Hate', 'Not Hate', 'Not Hate', 'Not Hate']",2,50,0.038461538461538464,0.9615384615384616
17,2020-10-22,"['Not Hate', 'Not Hate', 'Not Hate', 'Not Hate', 'Not Hate', 'Not Hate', 'Not Hate', 'Not Hate', 'Not Hate', 'Not Hate', 'Not Hate', 'Not Hate', 'Not Hate', 'Not Hate', 'Not Hate', 'Not Hate', 'Not Hate', 'Not Hate', 'Not Hate', 'Not Hate', 'Not Hate', 'Not Hate', 'Not Hate', 'Not Hate', 'Not Hate', 'Not Hate', 'Not Hate', 'Not Hate', 'Not Hate', 'Not Hate', 'Not Hate', 'Not Hate', 'Not Hate', 'Not Hate', 'Not Hate', 'Not Hate', 'Not Hate', 'Not Hate', 'Not Hate', 'Not Hate', 'Not Hate', 'Not Hate']",0,42,0.0,1.0
18,2020-10-23,"['Not Hate', 'Not Hate', 'Not Hate', 'Not Hate', 'Not Hate', 'Not Hate', 'Not Hate', 'Not Hate', 'Not Hate', 'Not Hate', 'Not Hate', 'Not Hate', 'Not Hate', 'Not Hate', 'Not Hate', 'Not Hate', 'Not Hate', 'Not Hate', 'Not Hate', 'Not Hate', 'Not Hate', 'Not Hate', 'Not Hate', 'Not Hate', 'Not Hate']",0,25,0.0,1.0
19,2020-10-24,"['Not Hate', 'Not Hate', 'Not Hate', 'Not Hate']",0,4,0.0,1.0
20,2020-10-25,"['Not Hate', 'Not Hate', 'Not Hate', 'Not Hate', 'Not Hate', 'Not Hate', 'Hate', 'Not Hate', 'Not Hate', 'Not Hate', 'Not Hate', 'Not Hate', 'Not Hate', 'Not Hate', 'Not Hate', 'Not Hate']",1,15,0.0625,0.9375
21,2020-10-26,"['Not Hate', 'Not Hate', 'Not Hate', 'Not Hate', 'Not Hate', 'Not Hate', 'Not Hate', 'Not Hate', 'Hate', 'Not Hate', 'Not Hate', 'Not Hate', 'Not Hate', 'Not Hate', 'Not Hate', 'Not Hate', 'Not Hate', 'Not Hate', 'Not Hate', 'Not Hate', 'Not Hate', 'Not Hate', 'Not Hate', 'Not Hate', 'Not Hate', 'Not Hate', 'Not Hate', 'Not Hate', 'Not Hate', 'Not Hate', 'Not Hate', 'Not Hate']",1,31,0.03125,0.96875
22,2020-10-27,"['Not Hate', 'Not Hate', 'Not Hate', 'Not Hate', 'Not Hate', 'Not Hate', 'Not Hate', 'Not Hate', 'Not Hate', 'Not Hate', 'Not Hate', 'Not Hate', 'Not Hate', 'Not Hate', 'Not Hate', 'Not Hate', 'Not Hate', 'Not Hate', 'Not Hate', 'Hate', 'Not Hate', 'Not Hate', 'Not Hate', 'Not Hate', 'Not Hate', 'Not Hate', 'Not Hate', 'Not Hate', 'Not Hate', 'Not Hate', 'Not Hate', 'Not Hate', 'Not Hate', 'Not Hate', 'Not Hate', 'Not Hate', 'Not Hate', 'Not Hate', 'Not Hate', 'Not Hate', 'Not Hate', 'Not Hate', 'Not Hate']",1,42,0.023255813953488372,0.9767441860465116
23,2020-10-28,"['Not Hate', 'Not Hate', 'Not Hate', 'Not Hate', 'Not Hate', 'Not Hate', 'Not Hate', 'Not Hate', 'Not Hate', 'Not Hate', 'Not Hate', 'Not Hate', 'Not Hate', 'Not Hate', 'Not Hate', 'Not Hate', 'Not Hate', 'Not Hate', 'Not Hate', 'Not Hate', 'Not Hate', 'Not Hate', 'Not Hate', 'Not Hate', 'Not Hate', 'Not Hate', 'Not Hate', 'Not Hate', 'Not Hate', 'Not Hate', 'Not Hate', 'Not Hate', 'Not Hate', 'Not Hate', 'Not Hate', 'Not Hate', 'Not Hate', 'Not Hate', 'Not Hate', 'Not Hate']",0,40,0.0,1.0
24,2020-10-29,"['Not Hate', 'Not Hate', 'Not Hate', 'Not Hate', 'Not Hate', 'Not Hate', 'Not Hate', 'Not Hate', 'Not Hate', 'Not Hate', 'Not Hate', 'Not Hate', 'Not Hate', 'Not Hate', 'Not Hate', 'Not Hate', 'Not Hate', 'Not Hate', 'Not Hate', 'Not Hate', 'Not Hate', 'Not Hate', 'Not Hate', 'Not Hate', 'Not Hate', 'Not Hate', 'Not Hate', 'Not Hate', 'Not Hate', 'Not Hate', 'Not Hate', 'Not Hate', 'Not Hate']",0,33,0.0,1.0
25,2020-10-30,"['Not Hate', 'Not Hate', 'Not Hate', 'Not Hate', 'Not Hate', 'Not Hate', 'Not Hate', 'Not Hate', 'Not Hate', 'Not Hate', 'Not Hate', 'Not Hate', 'Not Hate', 'Not Hate', 'Not Hate', 'Not Hate', 'Not Hate', 'Not Hate', 'Not Hate', 'Not Hate', 'Not Hate', 'Not Hate', 'Not Hate', 'Not Hate', 'Not Hate', 'Not Hate', 'Not Hate', 'Not Hate', 'Not Hate', 'Not Hate', 'Not Hate', 'Not Hate', 'Not Hate', 'Not Hate', 'Not Hate', 'Not Hate', 'Not Hate', 'Not Hate', 'Not Hate', 'Not Hate', 'Not Hate', 'Not Hate', 'Not Hate', 'Not Hate', 'Not Hate', 'Not Hate', 'Not Hate', 'Not Hate']",0,48,0.0,1.0
26,2020-10-31,"['Not Hate', 'Not Hate', 'Not Hate', 'Not Hate', 'Not Hate', 'Not Hate', 'Not Hate', 'Not Hate', 'Not Hate', 'Not Hate']",0,10,0.0,1.0
27,2020-11-01,"['Not Hate', 'Not Hate', 'Not Hate', 'Not Hate', 'Not Hate', 'Not Hate', 'Not Hate', 'Not Hate', 'Not Hate', 'Not Hate', 'Not Hate', 'Not Hate', 'Not Hate']",0,13,0.0,1.0
28,2020-11-02,"['Not Hate', 'Not Hate', 'Not Hate', 'Not Hate', 'Not Hate', 'Not Hate', 'Not Hate', 'Not Hate', 'Not Hate', 'Not Hate', 'Not Hate', 'Not Hate', 'Not Hate', 'Not Hate', 'Not Hate', 'Not Hate', 'Not Hate', 'Not Hate', 'Not Hate', 'Not Hate', 'Not Hate', 'Not Hate', 'Not Hate', 'Not Hate', 'Not Hate', 'Not Hate', 'Not Hate', 'Not Hate', 'Not Hate', 'Not Hate', 'Not Hate', 'Not Hate', 'Not Hate', 'Not Hate', 'Not Hate']",0,35,0.0,1.0
29,2020-11-03,"['Not Hate', 'Not Hate', 'Not Hate', 'Hate', 'Not Hate', 'Not Hate', 'Not Hate', 'Not Hate', 'Not Hate', 'Not Hate', 'Not Hate', 'Not Hate', 'Not Hate', 'Not Hate', 'Not Hate', 'Not Hate', 'Not Hate', 'Not Hate', 'Not Hate']",1,18,0.05263157894736842,0.9473684210526315
30,2020-11-04,"['Not Hate', 'Not Hate', 'Not Hate', 'Not Hate', 'Not Hate']",0,5,0.0,1.0
31,2020-11-05,"['Not Hate', 'Not Hate', 'Not Hate', 'Not Hate', 'Not Hate', 'Not Hate', 'Not Hate', 'Not Hate', 'Not Hate', 'Not Hate', 'Not Hate', 'Not Hate']",0,12,0.0,1.0
32,2020-11-06,"['Not Hate', 'Not Hate', 'Not Hate', 'Not Hate', 'Not Hate', 'Not Hate', 'Not Hate', 'Not Hate']",0,8,0.0,1.0
33,2020-11-07,"['Not Hate', 'Not Hate', 'Not Hate', 'Not Hate', 'Not Hate', 'Not Hate', 'Not Hate', 'Not Hate', 'Not Hate', 'Not Hate', 'Not Hate', 'Not Hate']",0,12,0.0,1.0
34,2020-11-08,"['Not Hate', 'Not Hate', 'Not Hate', 'Not Hate', 'Not Hate', 'Not Hate', 'Not Hate', 'Not Hate']",0,8,0.0,1.0
35,2020-11-09,"['Not Hate', 'Not Hate', 'Not Hate', 'Not Hate', 'Not Hate', 'Not Hate', 'Not Hate', 'Not Hate', 'Not Hate', 'Not Hate', 'Not Hate', 'Not Hate', 'Not Hate', 'Not Hate', 'Not Hate', 'Not Hate', 'Not Hate', 'Not Hate']",0,18,0.0,1.0
36,2020-11-10,"['Not Hate', 'Not Hate', 'Not Hate', 'Not Hate', 'Not Hate', 'Not Hate', 'Not Hate', 'Not Hate', 'Not Hate', 'Not Hate', 'Not Hate', 'Not Hate', 'Not Hate', 'Not Hate', 'Not Hate', 'Not Hate', 'Not Hate']",0,17,0.0,1.0
37,2020-11-11,"['Not Hate', 'Not Hate', 'Not Hate', 'Not Hate', 'Not Hate', 'Not Hate', 'Not Hate', 'Not Hate', 'Not Hate', 'Not Hate', 'Not Hate', 'Not Hate', 'Not Hate', 'Not Hate', 'Not Hate', 'Not Hate', 'Not Hate', 'Not Hate', 'Not Hate', 'Not Hate', 'Not Hate']",0,21,0.0,1.0
38,2020-11-12,"['Not Hate', 'Not Hate', 'Not Hate', 'Not Hate', 'Not Hate', 'Not Hate', 'Not Hate', 'Not Hate', 'Not Hate', 'Not Hate', 'Not Hate', 'Not Hate', 'Not Hate', 'Not Hate', 'Not Hate', 'Not Hate', 'Not Hate', 'Not Hate', 'Not Hate', 'Not Hate', 'Not Hate', 'Hate', 'Not Hate', 'Not Hate', 'Not Hate', 'Not Hate', 'Not Hate', 'Not Hate', 'Not Hate', 'Not Hate', 'Not Hate', 'Not Hate', 'Not Hate', 'Not Hate', 'Not Hate', 'Not Hate', 'Not Hate', 'Not Hate']",1,37,0.02631578947368421,0.9736842105263158
39,2020-11-13,"['Not Hate', 'Not Hate', 'Not Hate', 'Not Hate', 'Not Hate', 'Not Hate', 'Not Hate', 'Not Hate', 'Not Hate', 'Not Hate', 'Not Hate', 'Not Hate', 'Not Hate', 'Not Hate', 'Not Hate', 'Not Hate', 'Not Hate', 'Not Hate', 'Not Hate', 'Not Hate', 'Not Hate']",0,21,0.0,1.0
40,2020-11-14,"['Not Hate', 'Not Hate', 'Not Hate', 'Not Hate', 'Not Hate', 'Not Hate', 'Not Hate', 'Not Hate', 'Not Hate', 'Not Hate', 'Not Hate', 'Not Hate', 'Not Hate', 'Not Hate', 'Not Hate', 'Not Hate', 'Not Hate']",0,17,0.0,1.0
41,2020-11-15,"['Not Hate', 'Hate', 'Not Hate', 'Not Hate', 'Not Hate', 'Not Hate', 'Not Hate', 'Not Hate', 'Not Hate', 'Not Hate', 'Not Hate', 'Not Hate', 'Not Hate', 'Not Hate', 'Not Hate']",1,14,0.06666666666666667,0.9333333333333333
42,2020-11-16,"['Not Hate', 'Not Hate', 'Not Hate', 'Not Hate', 'Not Hate', 'Not Hate', 'Not Hate', 'Not Hate', 'Not Hate', 'Not Hate', 'Not Hate', 'Not Hate', 'Not Hate', 'Not Hate']",0,14,0.0,1.0
43,2020-11-17,"['Not Hate', 'Not Hate', 'Not Hate', 'Not Hate', 'Not Hate', 'Not Hate', 'Not Hate', 'Not Hate', 'Not Hate', 'Not Hate', 'Not Hate', 'Not Hate', 'Not Hate', 'Not Hate', 'Not Hate', 'Not Hate', 'Not Hate', 'Not Hate', 'Not Hate', 'Not Hate', 'Not Hate', 'Not Hate', 'Not Hate', 'Not Hate', 'Not Hate', 'Not Hate', 'Not Hate', 'Not Hate', 'Not Hate', 'Not Hate', 'Not Hate']",0,31,0.0,1.0
44,2020-11-18,"['Not Hate', 'Not Hate', 'Not Hate', 'Not Hate', 'Not Hate', 'Not Hate', 'Hate', 'Not Hate', 'Not Hate', 'Not Hate', 'Not Hate', 'Not Hate', 'Not Hate', 'Not Hate', 'Hate', 'Not Hate', 'Not Hate', 'Not Hate', 'Not Hate', 'Not Hate', 'Not Hate', 'Not Hate', 'Not Hate', 'Not Hate']",2,22,0.08333333333333333,0.9166666666666666
45,2020-11-19,"['Not Hate', 'Not Hate', 'Not Hate', 'Hate', 'Not Hate', 'Not Hate', 'Not Hate', 'Not Hate', 'Not Hate', 'Not Hate', 'Not Hate', 'Not Hate', 'Not Hate', 'Not Hate', 'Not Hate', 'Not Hate', 'Not Hate', 'Not Hate', 'Not Hate', 'Not Hate', 'Hate', 'Not Hate', 'Not Hate', 'Not Hate', 'Not Hate', 'Not Hate', 'Not Hate']",2,25,0.07407407407407407,0.9259259259259259
46,2020-11-20,"['Not Hate', 'Not Hate', 'Not Hate', 'Not Hate', 'Not Hate', 'Not Hate', 'Not Hate', 'Hate', 'Not Hate', 'Not Hate', 'Not Hate', 'Not Hate', 'Not Hate', 'Not Hate', 'Not Hate', 'Not Hate', 'Not Hate', 'Not Hate', 'Not Hate', 'Not Hate', 'Not Hate', 'Not Hate', 'Not Hate', 'Not Hate', 'Not Hate', 'Not Hate']",1,25,0.038461538461538464,0.9615384615384616
47,2020-11-21,"['Not Hate', 'Not Hate', 'Not Hate', 'Not Hate', 'Not Hate', 'Not Hate', 'Not Hate', 'Not Hate', 'Not Hate', 'Not Hate', 'Not Hate', 'Not Hate']",0,12,0.0,1.0
48,2020-11-22,"['Not Hate', 'Not Hate', 'Not Hate', 'Not Hate', 'Not Hate', 'Not Hate', 'Not Hate', 'Not Hate', 'Not Hate', 'Not Hate', 'Not Hate', 'Not Hate', 'Not Hate', 'Not Hate']",0,14,0.0,1.0
49,2020-11-23,"['Not Hate', 'Not Hate', 'Not Hate', 'Not Hate', 'Not Hate', 'Not Hate', 'Not Hate', 'Not Hate', 'Not Hate', 'Not Hate', 'Not Hate', 'Not Hate', 'Not Hate', 'Not Hate', 'Not Hate', 'Not Hate', 'Not Hate', 'Not Hate', 'Not Hate', 'Not Hate', 'Not Hate', 'Not Hate', 'Not Hate', 'Not Hate', 'Not Hate']",0,25,0.0,1.0
50,2020-11-24,"['Not Hate', 'Not Hate', 'Not Hate', 'Not Hate', 'Not Hate', 'Not Hate', 'Not Hate', 'Not Hate', 'Not Hate', 'Not Hate', 'Not Hate', 'Not Hate', 'Not Hate', 'Not Hate', 'Not Hate', 'Not Hate', 'Not Hate', 'Not Hate', 'Not Hate', 'Not Hate', 'Not Hate', 'Not Hate', 'Not Hate', 'Not Hate', 'Not Hate', 'Not Hate', 'Not Hate', 'Not Hate', 'Not Hate', 'Not Hate', 'Not Hate']",0,31,0.0,1.0
51,2020-11-25,"['Not Hate', 'Not Hate', 'Not Hate', 'Not Hate', 'Not Hate', 'Not Hate', 'Not Hate', 'Not Hate', 'Not Hate', 'Not Hate', 'Not Hate', 'Not Hate', 'Not Hate', 'Not Hate', 'Not Hate', 'Not Hate', 'Not Hate', 'Not Hate', 'Not Hate', 'Not Hate', 'Not Hate', 'Not Hate']",0,22,0.0,1.0
52,2020-11-26,"['Not Hate', 'Not Hate', 'Not Hate', 'Not Hate']",0,4,0.0,1.0
53,2020-11-27,"['Not Hate', 'Not Hate', 'Not Hate', 'Not Hate', 'Not Hate', 'Not Hate', 'Not Hate', 'Not Hate', 'Not Hate', 'Not Hate', 'Not Hate', 'Not Hate', 'Not Hate', 'Not Hate']",0,14,0.0,1.0
54,2020-11-28,"['Not Hate', 'Not Hate', 'Not Hate', 'Not Hate']",0,4,0.0,1.0
55,2020-11-29,['Not Hate'],0,1,0.0,1.0
56,2020-11-30,"['Not Hate', 'Not Hate', 'Not Hate', 'Not Hate', 'Not Hate', 'Not Hate', 'Not Hate', 'Not Hate', 'Not Hate', 'Not Hate', 'Not Hate', 'Not Hate', 'Not Hate', 'Not Hate', 'Not Hate', 'Not Hate', 'Not Hate', 'Not Hate', 'Not Hate', 'Not Hate', 'Not Hate', 'Not Hate', 'Not Hate', 'Not Hate', 'Not Hate', 'Not Hate', 'Not Hate', 'Not Hate', 'Not Hate', 'Not Hate', 'Not Hate', 'Not Hate', 'Not Hate', 'Not Hate', 'Not Hate', 'Not Hate', 'Not Hate']",0,37,0.0,1.0
57,2020-12-01,"['Not Hate', 'Not Hate', 'Not Hate', 'Not Hate', 'Not Hate', 'Not Hate', 'Not Hate', 'Not Hate', 'Not Hate', 'Hate', 'Not Hate', 'Not Hate', 'Not Hate', 'Not Hate', 'Not Hate', 'Not Hate', 'Not Hate', 'Not Hate', 'Not Hate', 'Not Hate', 'Hate']",2,19,0.09523809523809523,0.9047619047619048
58,2020-12-02,"['Not Hate', 'Not Hate', 'Not Hate', 'Not Hate', 'Not Hate', 'Not Hate', 'Not Hate', 'Not Hate', 'Not Hate', 'Not Hate', 'Not Hate', 'Not Hate', 'Not Hate', 'Not Hate', 'Not Hate', 'Not Hate', 'Not Hate', 'Not Hate', 'Not Hate', 'Not Hate']",0,20,0.0,1.0
59,2020-12-03,"['Not Hate', 'Not Hate', 'Not Hate', 'Not Hate', 'Not Hate', 'Not Hate', 'Not Hate', 'Not Hate', 'Not Hate', 'Not Hate', 'Not Hate', 'Not Hate', 'Not Hate', 'Not Hate', 'Not Hate', 'Not Hate', 'Not Hate', 'Not Hate', 'Not Hate', 'Not Hate', 'Not Hate', 'Not Hate', 'Not Hate', 'Not Hate', 'Not Hate']",0,25,0.0,1.0
60,2020-12-04,"['Not Hate', 'Not Hate', 'Not Hate', 'Not Hate', 'Not Hate', 'Not Hate', 'Not Hate', 'Not Hate', 'Not Hate', 'Not Hate', 'Not Hate', 'Hate', 'Not Hate', 'Not Hate', 'Not Hate', 'Not Hate', 'Not Hate', 'Not Hate', 'Not Hate', 'Not Hate', 'Not Hate', 'Not Hate', 'Not Hate', 'Not Hate', 'Not Hate', 'Not Hate', 'Hate', 'Not Hate', 'Not Hate']",2,27,0.06896551724137931,0.9310344827586207
61,2020-12-05,"['Not Hate', 'Not Hate', 'Not Hate', 'Not Hate', 'Not Hate', 'Not Hate', 'Not Hate', 'Not Hate', 'Not Hate', 'Not Hate']",0,10,0.0,1.0
62,2020-12-06,"['Not Hate', 'Not Hate', 'Not Hate', 'Not Hate', 'Not Hate', 'Not Hate', 'Not Hate', 'Not Hate', 'Not Hate']",0,9,0.0,1.0
63,2020-12-07,"['Not Hate', 'Not Hate', 'Not Hate', 'Not Hate', 'Not Hate', 'Not Hate', 'Not Hate', 'Not Hate', 'Not Hate', 'Not Hate', 'Not Hate', 'Not Hate', 'Not Hate', 'Not Hate', 'Not Hate', 'Not Hate', 'Not Hate', 'Not Hate', 'Not Hate', 'Not Hate', 'Not Hate', 'Not Hate', 'Not Hate', 'Not Hate', 'Not Hate', 'Not Hate', 'Not Hate']",0,27,0.0,1.0
64,2020-12-08,"['Not Hate', 'Not Hate', 'Not Hate', 'Not Hate', 'Not Hate', 'Not Hate', 'Not Hate', 'Not Hate', 'Not Hate', 'Not Hate', 'Not Hate', 'Not Hate', 'Not Hate', 'Not Hate', 'Not Hate', 'Not Hate', 'Not Hate', 'Not Hate', 'Not Hate', 'Not Hate', 'Not Hate', 'Not Hate', 'Not Hate', 'Not Hate', 'Not Hate', 'Not Hate', 'Not Hate', 'Not Hate', 'Not Hate']",0,29,0.0,1.0
65,2020-12-09,"['Not Hate', 'Not Hate', 'Not Hate', 'Not Hate', 'Not Hate', 'Not Hate', 'Not Hate', 'Not Hate', 'Not Hate', 'Not Hate', 'Not Hate', 'Not Hate', 'Not Hate', 'Not Hate', 'Not Hate', 'Not Hate', 'Not Hate', 'Not Hate', 'Hate', 'Not Hate', 'Not Hate', 'Not Hate', 'Not Hate', 'Not Hate', 'Not Hate']",1,24,0.04,0.96
66,2020-12-10,"['Not Hate', 'Not Hate', 'Not Hate', 'Not Hate', 'Not Hate', 'Not Hate', 'Not Hate', 'Not Hate', 'Not Hate', 'Not Hate', 'Not Hate', 'Not Hate', 'Not Hate', 'Not Hate', 'Not Hate', 'Not Hate', 'Not Hate', 'Not Hate', 'Not Hate', 'Not Hate', 'Not Hate', 'Not Hate', 'Not Hate', 'Not Hate', 'Not Hate', 'Not Hate']",0,26,0.0,1.0
67,2020-12-11,"['Not Hate', 'Not Hate', 'Not Hate', 'Not Hate', 'Not Hate', 'Not Hate', 'Not Hate', 'Not Hate', 'Not Hate', 'Not Hate', 'Not Hate', 'Not Hate', 'Not Hate', 'Not Hate', 'Not Hate', 'Not Hate', 'Not Hate', 'Not Hate', 'Not Hate', 'Not Hate', 'Not Hate', 'Not Hate', 'Not Hate', 'Not Hate', 'Not Hate', 'Not Hate', 'Not Hate', 'Not Hate', 'Not Hate', 'Not Hate', 'Not Hate', 'Not Hate', 'Not Hate', 'Not Hate']",0,34,0.0,1.0
68,2020-12-12,"['Not Hate', 'Not Hate', 'Not Hate', 'Not Hate', 'Not Hate', 'Not Hate', 'Not Hate', 'Not Hate', 'Not Hate', 'Not Hate', 'Not Hate', 'Not Hate', 'Not Hate', 'Not Hate', 'Not Hate', 'Not Hate', 'Not Hate']",0,17,0.0,1.0
69,2020-12-13,"['Not Hate', 'Not Hate']",0,2,0.0,1.0
70,2020-12-14,"['Not Hate', 'Not Hate', 'Not Hate', 'Not Hate', 'Not Hate', 'Not Hate', 'Not Hate', 'Not Hate', 'Not Hate', 'Not Hate', 'Not Hate', 'Not Hate', 'Not Hate', 'Not Hate', 'Not Hate', 'Not Hate', 'Not Hate', 'Not Hate', 'Not Hate', 'Not Hate', 'Not Hate', 'Not Hate', 'Not Hate', 'Not Hate', 'Not Hate', 'Not Hate', 'Not Hate', 'Not Hate', 'Not Hate', 'Not Hate', 'Not Hate', 'Not Hate']",0,32,0.0,1.0
71,2020-12-15,"['Not Hate', 'Not Hate', 'Not Hate', 'Not Hate', 'Not Hate', 'Not Hate', 'Not Hate', 'Not Hate', 'Not Hate', 'Not Hate', 'Not Hate', 'Not Hate', 'Not Hate', 'Not Hate', 'Not Hate', 'Not Hate', 'Not Hate', 'Not Hate', 'Not Hate', 'Not Hate', 'Not Hate', 'Not Hate', 'Not Hate', 'Not Hate', 'Not Hate', 'Not Hate', 'Not Hate', 'Not Hate', 'Not Hate', 'Not Hate', 'Not Hate', 'Not Hate', 'Not Hate', 'Not Hate', 'Not Hate', 'Not Hate', 'Hate', 'Not Hate']",1,37,0.02631578947368421,0.9736842105263158
72,2020-12-16,"['Not Hate', 'Not Hate', 'Not Hate', 'Not Hate', 'Not Hate', 'Not Hate', 'Not Hate', 'Not Hate', 'Not Hate', 'Not Hate', 'Not Hate', 'Not Hate', 'Not Hate', 'Not Hate', 'Not Hate', 'Not Hate', 'Not Hate', 'Not Hate', 'Not Hate', 'Not Hate', 'Not Hate', 'Not Hate', 'Not Hate', 'Not Hate', 'Not Hate', 'Not Hate', 'Not Hate', 'Not Hate', 'Not Hate', 'Not Hate', 'Not Hate', 'Not Hate', 'Not Hate', 'Not Hate', 'Not Hate', 'Not Hate', 'Not Hate', 'Not Hate', 'Not Hate', 'Not Hate', 'Not Hate']",0,41,0.0,1.0
73,2020-12-17,"['Not Hate', 'Not Hate', 'Not Hate', 'Not Hate', 'Not Hate', 'Not Hate', 'Not Hate', 'Not Hate', 'Not Hate', 'Not Hate', 'Not Hate', 'Not Hate', 'Not Hate', 'Not Hate', 'Not Hate', 'Not Hate', 'Not Hate', 'Not Hate', 'Not Hate', 'Not Hate', 'Not Hate', 'Not Hate', 'Not Hate', 'Not Hate', 'Not Hate', 'Not Hate', 'Not Hate', 'Not Hate', 'Not Hate', 'Not Hate', 'Not Hate', 'Not Hate', 'Not Hate', 'Not Hate', 'Not Hate', 'Not Hate', 'Not Hate', 'Not Hate', 'Not Hate', 'Not Hate', 'Not Hate', 'Not Hate', 'Not Hate']",0,43,0.0,1.0
74,2020-12-18,"['Not Hate', 'Not Hate', 'Not Hate', 'Not Hate', 'Not Hate', 'Not Hate', 'Not Hate', 'Not Hate', 'Not Hate', 'Not Hate', 'Not Hate', 'Not Hate', 'Not Hate', 'Not Hate', 'Not Hate', 'Not Hate', 'Not Hate', 'Not Hate', 'Not Hate', 'Not Hate', 'Not Hate', 'Not Hate', 'Not Hate', 'Not Hate', 'Not Hate', 'Not Hate', 'Not Hate', 'Not Hate', 'Not Hate', 'Not Hate', 'Not Hate', 'Not Hate', 'Not Hate', 'Not Hate', 'Not Hate', 'Not Hate', 'Not Hate', 'Not Hate', 'Not Hate', 'Not Hate', 'Not Hate', 'Not Hate', 'Not Hate', 'Not Hate', 'Not Hate']",0,45,0.0,1.0
75,2020-12-19,"['Not Hate', 'Not Hate', 'Not Hate', 'Not Hate', 'Not Hate', 'Not Hate', 'Not Hate', 'Not Hate', 'Not Hate', 'Not Hate', 'Not Hate', 'Not Hate', 'Not Hate', 'Not Hate', 'Not Hate', 'Not Hate', 'Not Hate', 'Not Hate', 'Not Hate', 'Not Hate', 'Not Hate', 'Not Hate', 'Not Hate', 'Not Hate', 'Not Hate', 'Not Hate']",0,26,0.0,1.0
76,2020-12-20,"['Not Hate', 'Not Hate', 'Not Hate', 'Not Hate', 'Not Hate', 'Not Hate', 'Not Hate', 'Not Hate', 'Not Hate', 'Not Hate', 'Not Hate', 'Not Hate', 'Not Hate', 'Not Hate', 'Not Hate', 'Not Hate', 'Not Hate', 'Not Hate', 'Not Hate', 'Not Hate', 'Not Hate', 'Not Hate', 'Not Hate', 'Not Hate', 'Not Hate', 'Not Hate', 'Not Hate', 'Not Hate', 'Not Hate', 'Not Hate', 'Not Hate', 'Not Hate', 'Not Hate', 'Hate', 'Not Hate', 'Not Hate', 'Not Hate']",1,36,0.02702702702702703,0.972972972972973
77,2020-12-21,"['Not Hate', 'Not Hate', 'Not Hate', 'Not Hate', 'Not Hate', 'Not Hate', 'Not Hate', 'Not Hate', 'Not Hate', 'Not Hate', 'Not Hate', 'Not Hate', 'Not Hate', 'Not Hate', 'Not Hate', 'Not Hate', 'Not Hate', 'Not Hate', 'Not Hate', 'Not Hate', 'Not Hate', 'Not Hate', 'Not Hate', 'Not Hate', 'Not Hate', 'Not Hate', 'Not Hate', 'Not Hate', 'Not Hate', 'Not Hate', 'Not Hate', 'Not Hate', 'Not Hate', 'Not Hate', 'Not Hate', 'Not Hate', 'Not Hate']",0,37,0.0,1.0
78,2020-12-22,"['Not Hate', 'Not Hate', 'Not Hate', 'Not Hate', 'Not Hate', 'Not Hate', 'Not Hate', 'Not Hate', 'Not Hate', 'Hate', 'Not Hate', 'Not Hate', 'Not Hate', 'Not Hate', 'Not Hate', 'Not Hate', 'Not Hate', 'Not Hate', 'Not Hate', 'Not Hate', 'Not Hate', 'Not Hate', 'Not Hate', 'Not Hate', 'Not Hate', 'Not Hate', 'Not Hate', 'Not Hate', 'Not Hate', 'Not Hate', 'Not Hate', 'Not Hate', 'Not Hate', 'Not Hate', 'Not Hate', 'Not Hate', 'Not Hate', 'Not Hate', 'Not Hate', 'Not Hate']",1,39,0.025,0.975
79,2020-12-23,"['Not Hate', 'Not Hate', 'Not Hate', 'Not Hate', 'Not Hate', 'Not Hate', 'Not Hate', 'Not Hate', 'Not Hate', 'Not Hate', 'Not Hate', 'Not Hate', 'Not Hate', 'Not Hate', 'Not Hate', 'Not Hate', 'Not Hate', 'Not Hate', 'Not Hate', 'Not Hate', 'Not Hate', 'Not Hate', 'Not Hate', 'Not Hate', 'Not Hate', 'Not Hate', 'Not Hate', 'Not Hate', 'Not Hate', 'Not Hate', 'Not Hate', 'Not Hate', 'Not Hate', 'Not Hate', 'Not Hate']",0,35,0.0,1.0
80,2020-12-24,"['Not Hate', 'Not Hate', 'Not Hate', 'Not Hate', 'Not Hate', 'Not Hate', 'Not Hate', 'Not Hate', 'Not Hate', 'Not Hate', 'Not Hate', 'Not Hate', 'Not Hate', 'Not Hate', 'Not Hate', 'Not Hate', 'Not Hate', 'Not Hate', 'Not Hate', 'Not Hate', 'Not Hate', 'Not Hate', 'Not Hate', 'Not Hate']",0,24,0.0,1.0
81,2020-12-25,"['Not Hate', 'Not Hate', 'Not Hate', 'Not Hate', 'Not Hate', 'Not Hate', 'Not Hate']",0,7,0.0,1.0
82,2020-12-26,"['Not Hate', 'Not Hate', 'Not Hate', 'Not Hate', 'Not Hate', 'Not Hate', 'Not Hate']",0,7,0.0,1.0
83,2020-12-27,"['Not Hate', 'Not Hate', 'Not Hate', 'Not Hate', 'Not Hate', 'Not Hate', 'Not Hate', 'Not Hate', 'Not Hate', 'Not Hate', 'Not Hate', 'Not Hate', 'Not Hate', 'Not Hate', 'Not Hate', 'Not Hate', 'Not Hate', 'Not Hate', 'Not Hate', 'Not Hate', 'Hate', 'Not Hate', 'Not Hate', 'Not Hate', 'Not Hate', 'Not Hate']",1,25,0.038461538461538464,0.9615384615384616
84,2020-12-28,"['Not Hate', 'Not Hate', 'Not Hate', 'Not Hate', 'Not Hate', 'Not Hate', 'Not Hate', 'Not Hate', 'Not Hate', 'Not Hate', 'Not Hate', 'Not Hate', 'Not Hate', 'Not Hate', 'Not Hate', 'Not Hate', 'Not Hate', 'Not Hate', 'Not Hate', 'Not Hate', 'Not Hate', 'Not Hate', 'Not Hate', 'Not Hate', 'Not Hate', 'Not Hate', 'Not Hate', 'Not Hate', 'Not Hate', 'Not Hate', 'Not Hate', 'Not Hate', 'Not Hate', 'Not Hate', 'Not Hate', 'Not Hate', 'Not Hate', 'Not Hate', 'Not Hate', 'Not Hate', 'Not Hate']",0,41,0.0,1.0
85,2020-12-29,"['Not Hate', 'Not Hate', 'Not Hate', 'Not Hate', 'Not Hate', 'Not Hate', 'Not Hate', 'Not Hate', 'Not Hate', 'Not Hate', 'Not Hate', 'Not Hate', 'Not Hate', 'Not Hate', 'Not Hate', 'Not Hate', 'Not Hate', 'Not Hate', 'Not Hate', 'Not Hate', 'Not Hate', 'Not Hate', 'Not Hate', 'Not Hate', 'Not Hate', 'Not Hate', 'Not Hate', 'Not Hate', 'Not Hate', 'Not Hate', 'Not Hate', 'Not Hate', 'Not Hate', 'Not Hate', 'Not Hate', 'Not Hate', 'Not Hate', 'Hate', 'Not Hate', 'Not Hate']",1,39,0.025,0.975
86,2020-12-30,"['Not Hate', 'Not Hate', 'Not Hate', 'Not Hate', 'Not Hate', 'Not Hate', 'Not Hate', 'Not Hate', 'Not Hate', 'Not Hate', 'Not Hate', 'Not Hate', 'Not Hate', 'Not Hate', 'Not Hate', 'Not Hate', 'Not Hate', 'Not Hate', 'Not Hate', 'Not Hate', 'Not Hate', 'Not Hate', 'Not Hate', 'Not Hate', 'Not Hate', 'Not Hate', 'Not Hate', 'Not Hate', 'Not Hate', 'Not Hate', 'Not Hate', 'Not Hate', 'Not Hate']",0,33,0.0,1.0
87,2020-12-31,"['Not Hate', 'Not Hate', 'Not Hate', 'Not Hate', 'Not Hate', 'Not Hate', 'Not Hate', 'Not Hate', 'Not Hate', 'Not Hate', 'Not Hate', 'Not Hate', 'Not Hate', 'Not Hate', 'Not Hate', 'Not Hate', 'Not Hate', 'Not Hate', 'Not Hate', 'Not Hate', 'Not Hate', 'Not Hate', 'Not Hate', 'Not Hate', 'Not Hate', 'Not Hate', 'Not Hate', 'Not Hate', 'Not Hate', 'Not Hate', 'Not Hate', 'Not Hate', 'Not Hate', 'Not Hate', 'Not Hate', 'Not Hate', 'Not Hate', 'Not Hate', 'Not Hate', 'Not Hate', 'Not Hate', 'Not Hate', 'Not Hate']",0,43,0.0,1.0
88,2021-01-01,"['Not Hate', 'Not Hate', 'Not Hate', 'Not Hate', 'Not Hate', 'Not Hate', 'Not Hate', 'Not Hate', 'Not Hate', 'Not Hate', 'Not Hate', 'Not Hate', 'Not Hate', 'Not Hate', 'Not Hate', 'Not Hate', 'Not Hate', 'Not Hate', 'Not Hate', 'Not Hate', 'Not Hate', 'Not Hate', 'Not Hate', 'Not Hate', 'Not Hate', 'Not Hate', 'Not Hate']",0,27,0.0,1.0
89,2021-01-02,"['Not Hate', 'Not Hate', 'Not Hate', 'Not Hate', 'Not Hate', 'Not Hate', 'Not Hate', 'Not Hate', 'Not Hate', 'Not Hate', 'Not Hate', 'Not Hate', 'Not Hate', 'Not Hate', 'Not Hate']",0,15,0.0,1.0
90,2021-01-03,"['Not Hate', 'Hate', 'Not Hate', 'Not Hate', 'Not Hate', 'Not Hate', 'Not Hate', 'Not Hate', 'Not Hate', 'Not Hate', 'Not Hate', 'Not Hate', 'Not Hate', 'Not Hate', 'Not Hate', 'Not Hate', 'Not Hate', 'Not Hate', 'Not Hate', 'Not Hate', 'Not Hate', 'Not Hate', 'Not Hate', 'Not Hate', 'Not Hate', 'Not Hate', 'Not Hate', 'Not Hate', 'Not Hate', 'Not Hate', 'Not Hate', 'Not Hate', 'Not Hate', 'Not Hate', 'Not Hate', 'Not Hate', 'Not Hate', 'Not Hate', 'Not Hate', 'Not Hate']",1,39,0.025,0.975
91,2021-01-04,"['Not Hate', 'Not Hate', 'Not Hate', 'Not Hate', 'Not Hate', 'Not Hate', 'Not Hate', 'Not Hate', 'Not Hate', 'Not Hate', 'Not Hate', 'Not Hate', 'Not Hate', 'Not Hate', 'Not Hate', 'Not Hate', 'Not Hate', 'Not Hate', 'Not Hate', 'Not Hate', 'Not Hate', 'Not Hate', 'Not Hate', 'Not Hate', 'Not Hate', 'Not Hate', 'Not Hate', 'Not Hate', 'Not Hate', 'Not Hate', 'Not Hate', 'Not Hate', 'Not Hate', 'Not Hate', 'Not Hate', 'Not Hate', 'Not Hate', 'Not Hate', 'Not Hate', 'Not Hate', 'Not Hate', 'Not Hate', 'Not Hate', 'Not Hate', 'Not Hate', 'Not Hate']",0,46,0.0,1.0
92,2021-01-05,"['Not Hate', 'Not Hate', 'Not Hate', 'Not Hate', 'Not Hate', 'Not Hate', 'Not Hate', 'Not Hate', 'Not Hate', 'Not Hate', 'Not Hate', 'Not Hate', 'Not Hate', 'Not Hate', 'Not Hate', 'Not Hate', 'Not Hate', 'Not Hate', 'Not Hate', 'Not Hate', 'Not Hate', 'Not Hate', 'Not Hate', 'Not Hate', 'Not Hate', 'Not Hate', 'Not Hate', 'Not Hate', 'Not Hate', 'Not Hate', 'Not Hate', 'Not Hate', 'Not Hate', 'Not Hate', 'Not Hate', 'Not Hate', 'Not Hate', 'Not Hate', 'Not Hate', 'Not Hate', 'Not Hate', 'Not Hate', 'Not Hate']",0,43,0.0,1.0
93,2021-01-06,"['Not Hate', 'Not Hate', 'Not Hate', 'Not Hate', 'Not Hate', 'Not Hate', 'Not Hate', 'Not Hate', 'Not Hate', 'Not Hate', 'Not Hate', 'Not Hate', 'Not Hate', 'Not Hate', 'Not Hate', 'Not Hate', 'Not Hate', 'Not Hate', 'Not Hate', 'Not Hate', 'Not Hate', 'Not Hate', 'Not Hate', 'Not Hate', 'Not Hate', 'Not Hate', 'Not Hate', 'Hate', 'Not Hate', 'Not Hate', 'Not Hate', 'Not Hate', 'Not Hate', 'Not Hate', 'Not Hate', 'Not Hate', 'Not Hate', 'Not Hate', 'Not Hate', 'Not Hate', 'Not Hate', 'Not Hate', 'Not Hate', 'Not Hate', 'Not Hate', 'Not Hate', 'Not Hate', 'Not Hate', 'Not Hate', 'Not Hate', 'Not Hate', 'Not Hate', 'Hate', 'Not Hate', 'Not Hate', 'Not Hate', 'Not Hate', 'Not Hate', 'Hate', 'Not Hate', 'Not Hate', 'Not Hate', 'Not Hate', 'Not Hate', 'Not Hate', 'Not Hate', 'Not Hate', 'Not Hate', 'Not Hate', 'Not Hate', 'Not Hate', 'Not Hate', 'Not Hate', 'Not Hate', 'Not Hate', 'Not Hate', 'Not Hate', 'Not Hate', 'Not Hate', 'Not Hate', 'Not Hate', 'Not Hate', 'Not Hate', 'Not Hate', 'Not Hate', 'Not Hate', 'Not Hate']",3,84,0.034482758620689655,0.9655172413793104
94,2021-01-07,"['Not Hate', 'Not Hate', 'Not Hate', 'Not Hate', 'Not Hate', 'Not Hate', 'Not Hate', 'Not Hate', 'Not Hate', 'Not Hate', 'Not Hate', 'Not Hate', 'Not Hate', 'Not Hate', 'Not Hate', 'Not Hate', 'Not Hate', 'Not Hate', 'Not Hate', 'Not Hate', 'Not Hate', 'Not Hate', 'Not Hate', 'Not Hate', 'Not Hate', 'Not Hate', 'Not Hate', 'Not Hate', 'Not Hate', 'Not Hate', 'Not Hate', 'Hate', 'Hate', 'Not Hate', 'Not Hate', 'Not Hate', 'Not Hate', 'Not Hate', 'Not Hate', 'Not Hate', 'Not Hate', 'Not Hate', 'Not Hate', 'Not Hate', 'Not Hate', 'Not Hate', 'Not Hate', 'Not Hate', 'Not Hate', 'Not Hate', 'Not Hate', 'Not Hate', 'Not Hate', 'Not Hate', 'Not Hate', 'Not Hate', 'Not Hate', 'Not Hate', 'Not Hate', 'Not Hate', 'Not Hate', 'Not Hate', 'Hate', 'Not Hate', 'Not Hate', 'Not Hate', 'Not Hate', 'Not Hate', 'Not Hate', 'Not Hate', 'Not Hate', 'Not Hate', 'Not Hate', 'Not Hate', 'Not Hate', 'Not Hate', 'Not Hate', 'Not Hate', 'Not Hate', 'Not Hate', 'Not Hate', 'Not Hate', 'Not Hate', 'Not Hate', 'Not Hate', 'Not Hate', 'Not Hate', 'Not Hate', 'Not Hate', 'Not Hate', 'Not Hate', 'Not Hate', 'Not Hate', 'Not Hate', 'Not Hate', 'Not Hate', 'Not Hate', 'Not Hate', 'Not Hate', 'Not Hate', 'Not Hate', 'Not Hate', 'Not Hate', 'Not Hate', 'Not Hate', 'Not Hate', 'Not Hate', 'Not Hate', 'Not Hate', 'Not Hate', 'Not Hate', 'Not Hate', 'Not Hate', 'Not Hate', 'Not Hate', 'Not Hate', 'Hate', 'Not Hate', 'Not Hate', 'Not Hate', 'Not Hate', 'Not Hate', 'Not Hate', 'Not Hate', 'Not Hate', 'Not Hate', 'Not Hate', 'Not Hate', 'Not Hate', 'Not Hate', 'Not Hate', 'Not Hate', 'Not Hate', 'Not Hate', 'Not Hate', 'Not Hate', 'Not Hate', 'Not Hate', 'Not Hate', 'Not Hate', 'Not Hate', 'Not Hate', 'Not Hate', 'Not Hate', 'Not Hate', 'Not Hate', 'Not Hate', 'Not Hate', 'Not Hate', 'Not Hate', 'Not Hate']",4,147,0.026490066225165563,0.9735099337748344
95,2021-01-08,"['Not Hate', 'Not Hate', 'Not Hate', 'Not Hate', 'Not Hate', 'Not Hate', 'Not Hate', 'Not Hate', 'Not Hate', 'Not Hate', 'Not Hate', 'Not Hate', 'Not Hate', 'Not Hate', 'Not Hate', 'Not Hate', 'Not Hate', 'Not Hate', 'Not Hate', 'Not Hate', 'Not Hate', 'Not Hate', 'Not Hate', 'Not Hate', 'Not Hate', 'Not Hate', 'Not Hate', 'Not Hate', 'Not Hate', 'Not Hate', 'Not Hate', 'Not Hate', 'Not Hate', 'Not Hate', 'Not Hate', 'Not Hate', 'Not Hate', 'Not Hate', 'Not Hate', 'Not Hate', 'Not Hate', 'Not Hate', 'Not Hate', 'Not Hate', 'Not Hate', 'Not Hate', 'Not Hate', 'Not Hate', 'Not Hate', 'Not Hate', 'Not Hate', 'Not Hate', 'Not Hate', 'Not Hate', 'Not Hate', 'Not Hate', 'Not Hate', 'Not Hate', 'Not Hate', 'Not Hate', 'Not Hate', 'Not Hate', 'Not Hate', 'Hate', 'Not Hate', 'Not Hate', 'Hate', 'Not Hate', 'Not Hate', 'Not Hate', 'Not Hate', 'Not Hate', 'Not Hate', 'Not Hate', 'Not Hate', 'Hate', 'Not Hate', 'Not Hate', 'Not Hate', 'Not Hate', 'Not Hate', 'Not Hate', 'Not Hate', 'Not Hate', 'Not Hate', 'Not Hate', 'Not Hate', 'Not Hate']",3,85,0.03409090909090909,0.9659090909090909
96,2021-01-09,"['Not Hate', 'Not Hate', 'Not Hate', 'Not Hate', 'Not Hate', 'Not Hate', 'Not Hate', 'Hate', 'Not Hate', 'Not Hate', 'Not Hate', 'Not Hate', 'Not Hate', 'Not Hate', 'Not Hate', 'Not Hate', 'Not Hate', 'Not Hate', 'Not Hate', 'Not Hate', 'Not Hate', 'Not Hate', 'Not Hate', 'Not Hate', 'Not Hate', 'Not Hate', 'Not Hate', 'Not Hate', 'Not Hate', 'Not Hate', 'Not Hate', 'Not Hate']",1,31,0.03125,0.96875
97,2021-01-10,"['Not Hate', 'Not Hate', 'Not Hate', 'Not Hate', 'Not Hate', 'Not Hate', 'Hate', 'Not Hate', 'Not Hate', 'Not Hate', 'Not Hate', 'Not Hate', 'Not Hate', 'Not Hate', 'Not Hate', 'Not Hate', 'Not Hate', 'Not Hate', 'Not Hate', 'Not Hate', 'Not Hate', 'Not Hate', 'Not Hate', 'Not Hate', 'Not Hate', 'Not Hate', 'Not Hate', 'Not Hate', 'Hate', 'Not Hate', 'Not Hate', 'Not Hate', 'Not Hate', 'Not Hate', 'Not Hate', 'Not Hate', 'Not Hate', 'Not Hate', 'Not Hate', 'Not Hate', 'Not Hate', 'Not Hate', 'Not Hate', 'Not Hate', 'Not Hate', 'Not Hate', 'Not Hate', 'Not Hate', 'Not Hate', 'Not Hate', 'Not Hate', 'Not Hate', 'Not Hate', 'Not Hate', 'Not Hate', 'Hate', 'Not Hate', 'Not Hate', 'Not Hate']",3,56,0.05084745762711865,0.9491525423728814
98,2021-01-11,"['Not Hate', 'Not Hate', 'Not Hate', 'Not Hate', 'Not Hate', 'Not Hate', 'Not Hate', 'Not Hate', 'Not Hate', 'Not Hate', 'Not Hate', 'Not Hate', 'Not Hate', 'Not Hate', 'Not Hate', 'Not Hate', 'Not Hate', 'Not Hate', 'Not Hate', 'Not Hate', 'Not Hate', 'Not Hate', 'Not Hate', 'Not Hate', 'Not Hate', 'Not Hate', 'Not Hate', 'Not Hate', 'Not Hate', 'Not Hate', 'Not Hate', 'Not Hate', 'Not Hate', 'Not Hate', 'Not Hate', 'Not Hate', 'Not Hate', 'Not Hate', 'Not Hate', 'Not Hate', 'Not Hate', 'Not Hate', 'Not Hate', 'Not Hate', 'Not Hate', 'Not Hate', 'Not Hate', 'Not Hate', 'Not Hate', 'Not Hate', 'Not Hate', 'Not Hate', 'Not Hate', 'Not Hate', 'Not Hate', 'Not Hate', 'Not Hate', 'Not Hate', 'Not Hate', 'Not Hate']",0,60,0.0,1.0
99,2021-01-12,"['Not Hate', 'Not Hate', 'Not Hate', 'Not Hate', 'Not Hate', 'Not Hate', 'Not Hate', 'Not Hate', 'Not Hate', 'Not Hate', 'Not Hate', 'Not Hate', 'Not Hate', 'Not Hate', 'Hate', 'Not Hate', 'Not Hate', 'Not Hate', 'Not Hate', 'Not Hate', 'Not Hate', 'Not Hate', 'Not Hate', 'Not Hate', 'Not Hate', 'Not Hate', 'Not Hate', 'Not Hate', 'Not Hate', 'Not Hate', 'Not Hate', 'Hate', 'Not Hate', 'Not Hate', 'Not Hate', 'Not Hate', 'Not Hate', 'Not Hate', 'Not Hate', 'Not Hate', 'Not Hate', 'Not Hate', 'Not Hate', 'Not Hate', 'Not Hate', 'Not Hate', 'Not Hate', 'Not Hate', 'Not Hate', 'Not Hate', 'Not Hate', 'Not Hate', 'Not Hate', 'Not Hate', 'Not Hate', 'Not Hate', 'Not Hate', 'Not Hate', 'Not Hate', 'Not Hate', 'Not Hate', 'Not Hate', 'Not Hate', 'Not Hate', 'Not Hate', 'Not Hate', 'Not Hate', 'Not Hate', 'Not Hate', 'Not Hate', 'Not Hate', 'Not Hate', 'Not Hate', 'Not Hate', 'Not Hate', 'Not Hate']",2,74,0.02631578947368421,0.9736842105263158
100,2021-01-13,"['Not Hate', 'Not Hate', 'Not Hate', 'Not Hate', 'Not Hate', 'Not Hate', 'Not Hate', 'Not Hate', 'Not Hate', 'Not Hate', 'Hate', 'Not Hate', 'Not Hate', 'Not Hate', 'Not Hate', 'Not Hate', 'Not Hate', 'Not Hate', 'Not Hate', 'Not Hate', 'Not Hate', 'Not Hate', 'Not Hate', 'Not Hate', 'Not Hate', 'Not Hate', 'Not Hate', 'Not Hate', 'Not Hate', 'Not Hate', 'Hate', 'Not Hate', 'Not Hate', 'Not Hate', 'Not Hate', 'Not Hate', 'Not Hate', 'Not Hate', 'Not Hate', 'Hate', 'Not Hate', 'Not Hate', 'Not Hate', 'Not Hate', 'Not Hate', 'Not Hate', 'Not Hate', 'Not Hate', 'Not Hate', 'Not Hate', 'Not Hate', 'Not Hate', 'Not Hate', 'Not Hate', 'Not Hate', 'Not Hate', 'Not Hate', 'Not Hate', 'Not Hate', 'Not Hate', 'Not Hate', 'Not Hate', 'Not Hate', 'Not Hate', 'Not Hate', 'Not Hate', 'Not Hate', 'Not Hate', 'Not Hate', 'Not Hate', 'Not Hate', 'Not Hate']",3,69,0.041666666666666664,0.9583333333333334
101,2021-01-14,"['Not Hate', 'Not Hate', 'Not Hate', 'Not Hate', 'Not Hate', 'Not Hate', 'Not Hate', 'Not Hate', 'Not Hate', 'Not Hate', 'Not Hate', 'Not Hate', 'Not Hate', 'Not Hate', 'Not Hate', 'Not Hate', 'Not Hate', 'Not Hate', 'Not Hate', 'Not Hate', 'Not Hate', 'Not Hate', 'Not Hate', 'Not Hate', 'Not Hate', 'Not Hate', 'Not Hate', 'Not Hate', 'Not Hate', 'Not Hate', 'Not Hate', 'Not Hate', 'Not Hate', 'Not Hate', 'Not Hate', 'Hate', 'Not Hate', 'Hate', 'Not Hate', 'Not Hate', 'Not Hate', 'Hate', 'Not Hate', 'Not Hate', 'Not Hate', 'Not Hate', 'Not Hate', 'Not Hate', 'Not Hate', 'Not Hate', 'Not Hate']",3,48,0.058823529411764705,0.9411764705882353
102,2021-01-15,"['Not Hate', 'Not Hate', 'Not Hate', 'Not Hate', 'Hate', 'Not Hate', 'Not Hate', 'Not Hate', 'Not Hate', 'Not Hate', 'Not Hate', 'Not Hate', 'Not Hate', 'Not Hate', 'Not Hate', 'Not Hate', 'Not Hate', 'Not Hate', 'Not Hate', 'Not Hate', 'Not Hate', 'Not Hate', 'Not Hate', 'Not Hate', 'Not Hate', 'Not Hate', 'Not Hate', 'Not Hate', 'Not Hate', 'Not Hate', 'Not Hate', 'Not Hate', 'Not Hate', 'Not Hate', 'Not Hate', 'Not Hate', 'Not Hate', 'Not Hate', 'Not Hate', 'Not Hate', 'Not Hate', 'Not Hate', 'Not Hate', 'Not Hate', 'Not Hate', 'Not Hate', 'Not Hate', 'Not Hate', 'Not Hate', 'Not Hate', 'Not Hate', 'Not Hate', 'Not Hate', 'Not Hate', 'Not Hate', 'Hate', 'Not Hate', 'Not Hate', 'Not Hate', 'Not Hate', 'Not Hate', 'Not Hate', 'Not Hate']",2,61,0.031746031746031744,0.9682539682539683
103,2021-01-16,"['Not Hate', 'Not Hate', 'Not Hate', 'Not Hate', 'Not Hate', 'Not Hate', 'Not Hate', 'Not Hate', 'Not Hate', 'Not Hate', 'Not Hate', 'Not Hate', 'Not Hate', 'Not Hate', 'Not Hate', 'Not Hate', 'Not Hate', 'Not Hate', 'Not Hate', 'Not Hate', 'Not Hate', 'Not Hate', 'Not Hate', 'Not Hate', 'Not Hate', 'Not Hate', 'Not Hate', 'Not Hate', 'Not Hate']",0,29,0.0,1.0
104,2021-01-17,"['Not Hate', 'Not Hate', 'Not Hate', 'Not Hate', 'Not Hate', 'Not Hate', 'Hate', 'Not Hate', 'Not Hate', 'Not Hate', 'Not Hate', 'Not Hate', 'Not Hate', 'Not Hate', 'Not Hate', 'Not Hate', 'Not Hate', 'Not Hate', 'Not Hate', 'Not Hate', 'Not Hate', 'Not Hate', 'Not Hate', 'Not Hate', 'Not Hate', 'Not Hate', 'Not Hate', 'Not Hate', 'Not Hate', 'Not Hate', 'Hate', 'Not Hate', 'Not Hate', 'Not Hate', 'Not Hate', 'Not Hate', 'Not Hate', 'Not Hate', 'Not Hate', 'Not Hate', 'Not Hate', 'Not Hate', 'Not Hate', 'Not Hate', 'Not Hate', 'Not Hate', 'Not Hate', 'Not Hate', 'Not Hate', 'Not Hate', 'Not Hate', 'Not Hate', 'Not Hate']",2,51,0.03773584905660377,0.9622641509433962
105,2021-01-18,"['Not Hate', 'Not Hate', 'Not Hate', 'Not Hate', 'Not Hate', 'Not Hate', 'Not Hate', 'Not Hate', 'Not Hate', 'Not Hate', 'Not Hate', 'Not Hate', 'Not Hate', 'Not Hate', 'Not Hate', 'Not Hate', 'Not Hate', 'Not Hate', 'Not Hate', 'Not Hate', 'Not Hate', 'Not Hate', 'Not Hate', 'Not Hate', 'Not Hate', 'Not Hate', 'Not Hate', 'Not Hate', 'Not Hate', 'Not Hate', 'Not Hate', 'Not Hate', 'Not Hate', 'Not Hate', 'Not Hate', 'Not Hate', 'Not Hate', 'Not Hate', 'Hate', 'Not Hate', 'Not Hate', 'Not Hate', 'Not Hate', 'Not Hate']",1,43,0.022727272727272728,0.9772727272727273
106,2021-01-19,"['Not Hate', 'Not Hate', 'Not Hate', 'Not Hate', 'Not Hate', 'Not Hate', 'Not Hate', 'Not Hate', 'Not Hate', 'Not Hate', 'Not Hate', 'Not Hate', 'Not Hate', 'Not Hate', 'Not Hate', 'Not Hate', 'Not Hate', 'Not Hate', 'Not Hate', 'Not Hate', 'Not Hate', 'Not Hate', 'Not Hate', 'Not Hate', 'Not Hate', 'Not Hate', 'Not Hate', 'Not Hate', 'Not Hate', 'Not Hate', 'Not Hate', 'Not Hate', 'Not Hate', 'Not Hate', 'Not Hate', 'Not Hate', 'Not Hate', 'Not Hate', 'Not Hate', 'Not Hate', 'Not Hate', 'Not Hate', 'Not Hate', 'Not Hate', 'Not Hate', 'Not Hate', 'Not Hate', 'Not Hate', 'Not Hate', 'Not Hate', 'Not Hate', 'Not Hate', 'Not Hate', 'Not Hate', 'Not Hate', 'Not Hate', 'Not Hate', 'Not Hate', 'Not Hate', 'Not Hate', 'Not Hate', 'Not Hate', 'Not Hate', 'Not Hate', 'Not Hate', 'Not Hate', 'Not Hate', 'Not Hate', 'Not Hate', 'Not Hate', 'Not Hate', 'Not Hate', 'Not Hate', 'Not Hate', 'Not Hate', 'Not Hate', 'Not Hate', 'Not Hate', 'Not Hate', 'Not Hate']",0,80,0.0,1.0
107,2021-01-20,"['Not Hate', 'Not Hate', 'Not Hate', 'Not Hate', 'Not Hate', 'Not Hate', 'Not Hate', 'Not Hate', 'Not Hate', 'Not Hate', 'Not Hate', 'Not Hate', 'Not Hate', 'Not Hate', 'Not Hate', 'Not Hate', 'Not Hate', 'Not Hate', 'Not Hate', 'Not Hate', 'Not Hate', 'Not Hate', 'Not Hate', 'Not Hate', 'Not Hate', 'Not Hate', 'Not Hate', 'Not Hate', 'Not Hate', 'Not Hate', 'Not Hate', 'Not Hate', 'Not Hate', 'Not Hate', 'Not Hate', 'Not Hate', 'Not Hate', 'Not Hate', 'Not Hate', 'Not Hate', 'Not Hate', 'Not Hate', 'Not Hate', 'Not Hate', 'Not Hate', 'Not Hate', 'Not Hate', 'Not Hate', 'Not Hate', 'Not Hate', 'Not Hate', 'Not Hate', 'Not Hate', 'Not Hate', 'Not Hate', 'Not Hate', 'Not Hate', 'Not Hate', 'Not Hate', 'Not Hate', 'Not Hate', 'Not Hate', 'Not Hate', 'Not Hate', 'Not Hate', 'Not Hate', 'Not Hate', 'Not Hate', 'Not Hate', 'Not Hate', 'Not Hate', 'Not Hate', 'Not Hate', 'Not Hate', 'Not Hate', 'Not Hate', 'Not Hate', 'Not Hate', 'Not Hate', 'Not Hate', 'Not Hate', 'Not Hate', 'Not Hate', 'Not Hate', 'Not Hate', 'Not Hate', 'Not Hate', 'Not Hate', 'Not Hate', 'Not Hate', 'Not Hate', 'Not Hate', 'Not Hate', 'Not Hate', 'Not Hate', 'Not Hate', 'Not Hate', 'Not Hate', 'Not Hate', 'Not Hate', 'Not Hate', 'Not Hate']",0,102,0.0,1.0
108,2021-01-21,"['Not Hate', 'Not Hate', 'Not Hate', 'Not Hate', 'Not Hate', 'Not Hate', 'Not Hate', 'Not Hate', 'Not Hate', 'Not Hate', 'Not Hate', 'Not Hate', 'Not Hate', 'Not Hate', 'Not Hate', 'Not Hate', 'Not Hate', 'Not Hate', 'Not Hate', 'Not Hate', 'Not Hate', 'Not Hate', 'Not Hate', 'Not Hate', 'Not Hate', 'Not Hate', 'Not Hate', 'Not Hate', 'Not Hate', 'Not Hate', 'Not Hate', 'Not Hate', 'Not Hate', 'Not Hate', 'Not Hate', 'Not Hate', 'Not Hate', 'Not Hate', 'Not Hate', 'Not Hate', 'Not Hate', 'Not Hate', 'Not Hate', 'Not Hate']",0,44,0.0,1.0
109,2021-01-22,"['Not Hate', 'Not Hate', 'Not Hate', 'Not Hate', 'Not Hate', 'Not Hate', 'Not Hate', 'Not Hate', 'Not Hate', 'Not Hate', 'Not Hate', 'Not Hate', 'Not Hate', 'Not Hate', 'Not Hate', 'Not Hate', 'Not Hate', 'Not Hate', 'Not Hate', 'Not Hate', 'Not Hate', 'Not Hate', 'Not Hate', 'Not Hate', 'Not Hate', 'Not Hate', 'Not Hate', 'Not Hate', 'Not Hate', 'Not Hate', 'Not Hate', 'Not Hate', 'Not Hate', 'Not Hate', 'Not Hate', 'Not Hate', 'Not Hate', 'Not Hate', 'Not Hate', 'Not Hate', 'Not Hate', 'Not Hate', 'Not Hate']",0,43,0.0,1.0
110,2021-01-23,"['Not Hate', 'Not Hate', 'Not Hate', 'Not Hate', 'Not Hate', 'Not Hate', 'Not Hate', 'Not Hate', 'Not Hate', 'Not Hate', 'Not Hate', 'Not Hate', 'Not Hate', 'Not Hate', 'Not Hate', 'Not Hate', 'Not Hate', 'Not Hate', 'Not Hate', 'Not Hate', 'Not Hate', 'Not Hate', 'Not Hate', 'Not Hate', 'Not Hate', 'Not Hate', 'Not Hate', 'Not Hate', 'Not Hate', 'Not Hate', 'Not Hate', 'Not Hate', 'Not Hate', 'Not Hate', 'Not Hate', 'Not Hate', 'Not Hate', 'Not Hate', 'Not Hate', 'Not Hate', 'Not Hate', 'Not Hate']",0,42,0.0,1.0
111,2021-01-24,"['Not Hate', 'Not Hate', 'Not Hate', 'Not Hate', 'Not Hate', 'Not Hate', 'Not Hate', 'Not Hate', 'Not Hate', 'Not Hate', 'Not Hate', 'Not Hate', 'Not Hate', 'Not Hate', 'Not Hate', 'Not Hate', 'Not Hate', 'Not Hate', 'Not Hate', 'Not Hate', 'Not Hate', 'Not Hate', 'Not Hate', 'Not Hate', 'Not Hate', 'Not Hate', 'Not Hate', 'Not Hate', 'Not Hate', 'Not Hate', 'Not Hate', 'Not Hate', 'Not Hate', 'Not Hate', 'Not Hate', 'Not Hate', 'Not Hate', 'Not Hate', 'Not Hate', 'Not Hate', 'Not Hate', 'Not Hate', 'Not Hate', 'Not Hate', 'Not Hate', 'Not Hate', 'Not Hate', 'Not Hate', 'Not Hate', 'Not Hate', 'Not Hate', 'Not Hate', 'Not Hate', 'Not Hate', 'Not Hate', 'Not Hate', 'Not Hate', 'Not Hate', 'Not Hate', 'Not Hate']",0,60,0.0,1.0
112,2021-01-25,"['Not Hate', 'Not Hate', 'Not Hate', 'Not Hate', 'Not Hate', 'Not Hate', 'Not Hate', 'Not Hate', 'Not Hate', 'Not Hate', 'Not Hate', 'Not Hate', 'Not Hate', 'Not Hate', 'Not Hate', 'Not Hate', 'Not Hate', 'Not Hate', 'Not Hate', 'Not Hate', 'Not Hate', 'Not Hate', 'Not Hate', 'Not Hate', 'Not Hate', 'Hate', 'Not Hate', 'Not Hate', 'Not Hate', 'Not Hate', 'Not Hate', 'Not Hate', 'Not Hate', 'Not Hate', 'Not Hate', 'Not Hate', 'Not Hate', 'Not Hate', 'Not Hate', 'Not Hate', 'Not Hate', 'Not Hate']",1,41,0.023809523809523808,0.9761904761904762
113,2021-01-26,"['Not Hate', 'Not Hate', 'Not Hate', 'Not Hate', 'Not Hate', 'Not Hate', 'Not Hate', 'Not Hate', 'Not Hate', 'Not Hate', 'Not Hate', 'Not Hate', 'Not Hate', 'Not Hate', 'Not Hate', 'Not Hate', 'Not Hate', 'Not Hate', 'Not Hate', 'Not Hate', 'Not Hate', 'Not Hate', 'Not Hate', 'Not Hate', 'Not Hate', 'Not Hate', 'Not Hate', 'Not Hate', 'Not Hate', 'Hate', 'Not Hate', 'Not Hate', 'Not Hate', 'Not Hate', 'Not Hate', 'Not Hate', 'Not Hate', 'Not Hate', 'Not Hate', 'Not Hate', 'Not Hate', 'Not Hate', 'Not Hate', 'Not Hate', 'Not Hate', 'Hate', 'Not Hate', 'Not Hate', 'Not Hate', 'Not Hate', 'Not Hate', 'Not Hate', 'Not Hate', 'Not Hate', 'Not Hate']",2,53,0.03636363636363636,0.9636363636363636
114,2021-01-27,"['Not Hate', 'Not Hate', 'Not Hate', 'Not Hate', 'Not Hate', 'Not Hate', 'Not Hate', 'Not Hate', 'Not Hate', 'Not Hate', 'Not Hate', 'Not Hate', 'Hate', 'Not Hate', 'Not Hate', 'Not Hate', 'Not Hate', 'Not Hate', 'Not Hate', 'Not Hate', 'Not Hate', 'Not Hate', 'Not Hate', 'Not Hate', 'Not Hate', 'Not Hate', 'Not Hate', 'Not Hate', 'Not Hate', 'Not Hate', 'Not Hate', 'Not Hate', 'Not Hate', 'Not Hate', 'Not Hate', 'Not Hate', 'Not Hate', 'Not Hate', 'Not Hate', 'Not Hate', 'Not Hate', 'Not Hate', 'Not Hate', 'Not Hate', 'Not Hate', 'Not Hate', 'Not Hate', 'Not Hate', 'Not Hate', 'Not Hate', 'Not Hate', 'Not Hate', 'Not Hate', 'Not Hate', 'Not Hate', 'Not Hate', 'Not Hate', 'Not Hate', 'Not Hate', 'Not Hate', 'Not Hate', 'Not Hate', 'Not Hate', 'Not Hate', 'Not Hate', 'Not Hate']",1,65,0.015151515151515152,0.9848484848484849
